Commit on Sun Jul  6 09:49:12 UTC 2025
Commit on Mon Jul  7 03:26:28 UTC 2025
Commit on Tue Jul  8 03:21:19 UTC 2025
Commit on Wed Jul  9 03:24:00 UTC 2025
Commit on Thu Jul 10 03:23:50 UTC 2025
Commit on Fri Jul 11 03:38:27 UTC 2025
Commit on Sat Jul 12 03:26:46 UTC 2025
Commit on Sun Jul 13 03:41:38 UTC 2025
Commit on Mon Jul 14 03:42:35 UTC 2025
Commit on Tue Jul 15 03:39:59 UTC 2025
Commit on Wed Jul 16 03:37:49 UTC 2025
Commit on Thu Jul 17 03:37:39 UTC 2025
Commit on Fri Jul 18 03:39:53 UTC 2025
Commit on Sat Jul 19 03:24:31 UTC 2025
Commit on Sun Jul 20 03:47:09 UTC 2025
Commit on Mon Jul 21 03:45:51 UTC 2025
Commit on Tue Jul 22 03:39:29 UTC 2025
Commit on Wed Jul 23 03:41:04 UTC 2025
Commit on Thu Jul 24 03:39:31 UTC 2025
Commit on Fri Jul 25 03:39:53 UTC 2025
Commit on Sat Jul 26 03:36:22 UTC 2025
Commit on Sun Jul 27 03:48:21 UTC 2025
Commit on Mon Jul 28 03:47:15 UTC 2025
Commit on Tue Jul 29 03:50:10 UTC 2025
Commit on Tue Jul 29 14:45:03 UTC 2025
Commit on Wed Jul 30 03:39:00 UTC 2025
Commit on Thu Jul 31 03:28:46 UTC 2025
Commit on Fri Aug  1 03:51:26 UTC 2025
Commit on Sat Aug  2 03:22:11 UTC 2025
Commit on Sun Aug  3 03:46:32 UTC 2025
Commit on Mon Aug  4 03:51:46 UTC 2025
Commit on Tue Aug  5 03:43:05 UTC 2025
Commit on Wed Aug  6 03:40:18 UTC 2025
Commit on Thu Aug  7 03:40:18 UTC 2025
Commit on Fri Aug  8 03:39:44 UTC 2025
Commit on Sat Aug  9 03:16:23 UTC 2025
Commit on Sun Aug 10 03:39:48 UTC 2025
Commit on Mon Aug 11 03:39:09 UTC 2025
Commit on Tue Aug 12 03:13:26 UTC 2025
Commit on Wed Aug 13 03:16:16 UTC 2025
Commit on Thu Aug 14 03:16:36 UTC 2025
Commit on Fri Aug 15 03:17:38 UTC 2025
Commit on Sat Aug 16 03:10:52 UTC 2025
Commit on Sun Aug 17 03:21:55 UTC 2025
Commit on Mon Aug 18 03:25:51 UTC 2025
Commit on Tue Aug 19 03:06:35 UTC 2025
Commit on Wed Aug 20 03:04:53 UTC 2025
Commit on Thu Aug 21 03:03:35 UTC 2025
Commit on Fri Aug 22 03:04:31 UTC 2025
Commit on Sat Aug 23 02:58:54 UTC 2025
Commit on Sun Aug 24 03:15:17 UTC 2025
Commit on Mon Aug 25 03:11:32 UTC 2025
Commit on Tue Aug 26 03:05:31 UTC 2025
Commit on Wed Aug 27 02:58:41 UTC 2025
Commit on Thu Aug 28 02:58:36 UTC 2025
Commit on Fri Aug 29 02:58:34 UTC 2025
Commit on Sat Aug 30 02:52:37 UTC 2025
Commit on Sun Aug 31 03:03:04 UTC 2025
Commit on Mon Sep  1 03:17:10 UTC 2025
Commit on Tue Sep  2 03:02:30 UTC 2025
Commit on Wed Sep  3 02:51:19 UTC 2025
Commit on Thu Sep  4 02:51:50 UTC 2025
Commit on Fri Sep  5 02:55:01 UTC 2025
Commit on Sat Sep  6 02:50:19 UTC 2025
Commit on Sun Sep  7 02:58:42 UTC 2025
Commit on Mon Sep  8 03:02:41 UTC 2025
Commit on Tue Sep  9 02:57:55 UTC 2025
Commit on Wed Sep 10 02:51:38 UTC 2025
Commit on Thu Sep 11 02:56:16 UTC 2025
Commit on Fri Sep 12 02:50:55 UTC 2025
Commit on Sat Sep 13 02:41:48 UTC 2025
Commit on Sun Sep 14 02:58:38 UTC 2025
Commit on Mon Sep 15 03:03:35 UTC 2025
Commit on Tue Sep 16 02:52:16 UTC 2025
Commit on Wed Sep 17 02:51:55 UTC 2025
Commit on Thu Sep 18 02:53:24 UTC 2025
Commit on Fri Sep 19 02:57:08 UTC 2025
Commit on Sat Sep 20 02:50:06 UTC 2025
Commit on Sun Sep 21 03:03:50 UTC 2025
Commit on Mon Sep 22 03:03:34 UTC 2025
Commit on Tue Sep 23 02:53:53 UTC 2025
Commit on Wed Sep 24 02:55:07 UTC 2025
Commit on Thu Sep 25 02:57:45 UTC 2025
Commit on Fri Sep 26 02:55:42 UTC 2025
Commit on Sat Sep 27 02:50:05 UTC 2025
Commit on Sun Sep 28 03:04:10 UTC 2025
Commit on Mon Sep 29 03:00:17 UTC 2025
Commit on Tue Sep 30 02:54:15 UTC 2025
Commit on Wed Oct  1 03:07:01 UTC 2025
Commit on Thu Oct  2 02:53:12 UTC 2025
Commit on Fri Oct  3 02:52:41 UTC 2025
Commit on Sat Oct  4 02:44:46 UTC 2025
Commit on Sun Oct  5 03:03:24 UTC 2025
Commit on Mon Oct  6 02:57:54 UTC 2025
Commit on Tue Oct  7 02:53:50 UTC 2025
Commit on Wed Oct  8 02:53:52 UTC 2025
Commit on Thu Oct  9 02:56:15 UTC 2025
Commit on Fri Oct 10 02:57:14 UTC 2025
Commit on Sat Oct 11 02:49:32 UTC 2025
Commit on Sun Oct 12 02:58:21 UTC 2025
Commit on Mon Oct 13 03:05:29 UTC 2025
Commit on Tue Oct 14 02:57:11 UTC 2025
Commit on Wed Oct 15 03:00:41 UTC 2025
Commit on Thu Oct 16 02:59:33 UTC 2025
Commit on Fri Oct 17 02:57:54 UTC 2025
Commit on Sat Oct 18 02:51:05 UTC 2025
Commit on Sun Oct 19 03:11:49 UTC 2025
Commit on Mon Oct 20 03:11:19 UTC 2025
Commit on Tue Oct 21 03:02:00 UTC 2025
Commit on Wed Oct 22 03:06:40 UTC 2025
Commit on Thu Oct 23 02:59:51 UTC 2025
Commit on Fri Oct 24 02:56:38 UTC 2025
Commit on Sat Oct 25 02:58:20 UTC 2025
Commit on Sun Oct 26 03:05:52 UTC 2025
Commit on Mon Oct 27 03:15:33 UTC 2025
Commit on Tue Oct 28 03:03:23 UTC 2025
Commit on Wed Oct 29 03:11:31 UTC 2025
Commit on Thu Oct 30 03:06:55 UTC 2025
Commit on Fri Oct 31 03:06:40 UTC 2025
Commit on Sat Nov  1 03:07:30 UTC 2025
Commit on Sun Nov  2 03:11:19 UTC 2025
Commit on Mon Nov  3 03:13:07 UTC 2025
Commit on Tue Nov  4 03:05:52 UTC 2025
Commit on Wed Nov  5 03:07:21 UTC 2025
Commit on Thu Nov  6 03:10:02 UTC 2025
Commit on Fri Nov  7 03:06:30 UTC 2025
Commit on Sat Nov  8 02:58:19 UTC 2025
Commit on Sun Nov  9 03:09:01 UTC 2025
Commit on Mon Nov 10 03:15:02 UTC 2025
Commit on Tue Nov 11 03:09:37 UTC 2025
Commit on Wed Nov 12 03:07:55 UTC 2025
Commit on Thu Nov 13 03:10:49 UTC 2025
Commit on Fri Nov 14 03:09:17 UTC 2025
Commit on Sat Nov 15 03:02:44 UTC 2025
Commit on Sun Nov 16 03:14:01 UTC 2025
Commit on Mon Nov 17 03:11:48 UTC 2025
Commit on Tue Nov 18 03:08:15 UTC 2025
Commit on Wed Nov 19 03:07:22 UTC 2025
Commit on Thu Nov 20 03:05:40 UTC 2025
Commit on Fri Nov 21 03:06:31 UTC 2025
Commit on Sat Nov 22 03:00:09 UTC 2025
Commit on Sun Nov 23 03:23:01 UTC 2025
Commit on Mon Nov 24 03:19:24 UTC 2025
Commit on Tue Nov 25 03:10:42 UTC 2025
Commit on Wed Nov 26 03:10:49 UTC 2025
Commit on Thu Nov 27 03:07:07 UTC 2025
Commit on Fri Nov 28 03:06:51 UTC 2025
Commit on Sat Nov 29 03:07:10 UTC 2025
Commit on Sun Nov 30 03:22:31 UTC 2025
Commit on Mon Dec  1 03:46:09 UTC 2025
Commit on Tue Dec  2 03:14:05 UTC 2025
Commit on Wed Dec  3 03:13:00 UTC 2025
Commit on Thu Dec  4 03:14:54 UTC 2025
Commit on Fri Dec  5 03:14:51 UTC 2025
Commit on Sat Dec  6 03:04:59 UTC 2025
Commit on Sun Dec  7 03:22:52 UTC 2025
Commit on Mon Dec  8 03:17:13 UTC 2025
Commit on Tue Dec  9 03:14:40 UTC 2025
Commit on Wed Dec 10 03:18:12 UTC 2025
Commit on Thu Dec 11 03:20:32 UTC 2025
Commit on Fri Dec 12 03:19:14 UTC 2025
Commit on Sat Dec 13 03:11:16 UTC 2025
Commit on Sun Dec 14 03:24:32 UTC 2025
Commit on Mon Dec 15 03:25:43 UTC 2025
Commit on Tue Dec 16 03:20:00 UTC 2025
Commit on Wed Dec 17 03:15:52 UTC 2025
Commit on Thu Dec 18 03:16:32 UTC 2025
Commit on Fri Dec 19 03:19:38 UTC 2025
Commit on Sat Dec 20 03:11:12 UTC 2025
Commit on Sun Dec 21 03:25:08 UTC 2025
Commit on Mon Dec 22 03:28:00 UTC 2025
Commit on Tue Dec 23 03:22:20 UTC 2025
Commit on Wed Dec 24 03:19:45 UTC 2025
Commit on Thu Dec 25 03:22:27 UTC 2025
Commit on Fri Dec 26 03:20:40 UTC 2025
Commit on Sat Dec 27 03:18:56 UTC 2025
Commit on Sun Dec 28 03:42:52 UTC 2025
Commit on Mon Dec 29 03:44:12 UTC 2025
Commit on Tue Dec 30 03:23:25 UTC 2025
Commit on Wed Dec 31 03:22:31 UTC 2025
Commit on Thu Jan  1 03:45:25 UTC 2026
Commit on Fri Jan  2 03:25:50 UTC 2026
Commit on Sat Jan  3 03:18:08 UTC 2026
Commit on Sun Jan  4 03:45:42 UTC 2026
Commit on Mon Jan  5 03:50:22 UTC 2026
Commit on Tue Jan  6 03:24:43 UTC 2026
Commit on Wed Jan  7 03:25:04 UTC 2026
Commit on Thu Jan  8 03:25:10 UTC 2026
Commit on Fri Jan  9 03:25:59 UTC 2026
Commit on Sat Jan 10 03:19:45 UTC 2026
Commit on Sun Jan 11 03:45:09 UTC 2026
Commit on Mon Jan 12 03:44:17 UTC 2026
Commit on Tue Jan 13 03:23:42 UTC 2026
Commit on Wed Jan 14 03:42:32 UTC 2026
Commit on Thu Jan 15 03:26:15 UTC 2026
Commit on Fri Jan 16 03:25:33 UTC 2026
Commit on Sat Jan 17 03:18:14 UTC 2026
Commit on Sun Jan 18 03:41:17 UTC 2026
Commit on Mon Jan 19 03:45:15 UTC 2026
Commit on Tue Jan 20 03:29:16 UTC 2026
Commit on Wed Jan 21 03:29:03 UTC 2026
Commit on Thu Jan 22 03:42:55 UTC 2026
Commit on Fri Jan 23 03:28:32 UTC 2026
Commit on Sat Jan 24 03:22:27 UTC 2026
Commit on Sun Jan 25 03:49:07 UTC 2026
Commit on Mon Jan 26 03:51:57 UTC 2026
Commit on Tue Jan 27 03:43:08 UTC 2026
Commit on Wed Jan 28 03:40:39 UTC 2026
Commit on Thu Jan 29 04:02:56 UTC 2026
Commit on Fri Jan 30 04:03:50 UTC 2026
Commit on Sat Jan 31 04:00:44 UTC 2026
Commit on Sun Feb  1 04:25:46 UTC 2026
Commit on Mon Feb  2 04:19:22 UTC 2026
Commit on Tue Feb  3 04:10:09 UTC 2026
Commit on Wed Feb  4 04:06:42 UTC 2026
Commit on Thu Feb  5 04:09:27 UTC 2026
Commit on Fri Feb  6 04:09:37 UTC 2026
Commit on Sat Feb  7 04:03:17 UTC 2026
Commit on Sun Feb  8 04:28:29 UTC 2026
Commit on Mon Feb  9 04:22:20 UTC 2026
